id,firstname,lastname,email,email2,profession
100,Ariela,Dearborn,Ariela.Dearborn@yopmail.com,Ariela.Dearborn@gmail.com,worker
101,Britni,Hylan,Britni.Hylan@yopmail.com,Britni.Hylan@gmail.com,developer
102,Lauryn,Jacinda,Lauryn.Jacinda@yopmail.com,Lauryn.Jacinda@gmail.com,doctor
103,Tracey,Blake,Tracey.Blake@yopmail.com,Tracey.Blake@gmail.com,worker
104,Caryl,Annice,Caryl.Annice@yopmail.com,Caryl.Annice@gmail.com,doctor
105,Fayre,Ackerley,Fayre.Ackerley@yopmail.com,Fayre.Ackerley@gmail.com,doctor
106,Tami,Amethist,Tami.Amethist@yopmail.com,Tami.Amethist@gmail.com,firefighter
107,Constance,Hanshaw,Constance.Hanshaw@yopmail.com,Constance.Hanshaw@gmail.com,doctor
108,Caryl,Kravits,Caryl.Kravits@yopmail.com,Caryl.Kravits@gmail.com,worker
109,Stacey,Kaja,Stacey.Kaja@yopmail.com,Stacey.Kaja@gmail.com,firefighter
110,Karolina,Guthrie,Karolina.Guthrie@yopmail.com,Karolina.Guthrie@gmail.com,firefighter
111,Ayn,Cadmar,Ayn.Cadmar@yopmail.com,Ayn.Cadmar@gmail.com,developer
112,Louella,Richers,Louella.Richers@yopmail.com,Louella.Richers@gmail.com,firefighter
113,Gerrie,Dearborn,Gerrie.Dearborn@yopmail.com,Gerrie.Dearborn@gmail.com,developer
114,Maye,Magdalen,Maye.Magdalen@yopmail.com,Maye.Magdalen@gmail.com,police officer
115,Aili,Connelly,Aili.Connelly@yopmail.com,Aili.Connelly@gmail.com,firefighter
116,Tobe,Fillbert,Tobe.Fillbert@yopmail.com,Tobe.Fillbert@gmail.com,doctor
117,Elise,Kosey,Elise.Kosey@yopmail.com,Elise.Kosey@gmail.com,developer
118,Elbertina,Maiah,Elbertina.Maiah@yopmail.com,Elbertina.Maiah@gmail.com,doctor
119,Odessa,Dreda,Odessa.Dreda@yopmail.com,Odessa.Dreda@gmail.com,firefighter
120,Vevay,Bobbee,Vevay.Bobbee@yopmail.com,Vevay.Bobbee@gmail.com,police officer
121,Gui,Freddi,Gui.Freddi@yopmail.com,Gui.Freddi@gmail.com,worker
122,Ekaterina,Meli,Ekaterina.Meli@yopmail.com,Ekaterina.Meli@gmail.com,worker
123,Flory,Johnsson,Flory.Johnsson@yopmail.com,Flory.Johnsson@gmail.com,doctor
124,Therine,Allys,Therine.Allys@yopmail.com,Therine.Allys@gmail.com,police officer
125,Bernie,Yate,Bernie.Yate@yopmail.com,Bernie.Yate@gmail.com,doctor
126,Oralee,Prober,Oralee.Prober@yopmail.com,Oralee.Prober@gmail.com,police officer
127,Beth,Blase,Beth.Blase@yopmail.com,Beth.Blase@gmail.com,firefighter
128,Adelle,Zina,Adelle.Zina@yopmail.com,Adelle.Zina@gmail.com,police officer
129,Edith,Carmena,Edith.Carmena@yopmail.com,Edith.Carmena@gmail.com,developer
130,Binny,Vanni,Binny.Vanni@yopmail.com,Binny.Vanni@gmail.com,police officer
131,Alameda,Timon,Alameda.Timon@yopmail.com,Alameda.Timon@gmail.com,firefighter
132,Danny,Chandler,Danny.Chandler@yopmail.com,Danny.Chandler@gmail.com,police officer
133,Aigneis,Thomasina,Aigneis.Thomasina@yopmail.com,Aigneis.Thomasina@gmail.com,doctor
134,Roseline,Rillings,Roseline.Rillings@yopmail.com,Roseline.Rillings@gmail.com,developer
135,Vanessa,Cherianne,Vanessa.Cherianne@yopmail.com,Vanessa.Cherianne@gmail.com,developer
136,Lita,Brodench,Lita.Brodench@yopmail.com,Lita.Brodench@gmail.com,firefighter
137,Petronia,Stefa,Petronia.Stefa@yopmail.com,Petronia.Stefa@gmail.com,firefighter
138,Gabi,Japeth,Gabi.Japeth@yopmail.com,Gabi.Japeth@gmail.com,worker
139,Ebonee,Milde,Ebonee.Milde@yopmail.com,Ebonee.Milde@gmail.com,worker
140,Sissy,Ezar,Sissy.Ezar@yopmail.com,Sissy.Ezar@gmail.com,firefighter
141,Madalyn,Garlinda,Madalyn.Garlinda@yopmail.com,Madalyn.Garlinda@gmail.com,worker
142,Nicoli,Garlinda,Nicoli.Garlinda@yopmail.com,Nicoli.Garlinda@gmail.com,firefighter
143,Maurene,Haymes,Maurene.Haymes@yopmail.com,Maurene.Haymes@gmail.com,worker
144,Aryn,Edison,Aryn.Edison@yopmail.com,Aryn.Edison@gmail.com,doctor
145,Julieta,Lauraine,Julieta.Lauraine@yopmail.com,Julieta.Lauraine@gmail.com,developer
146,Kylynn,Christine,Kylynn.Christine@yopmail.com,Kylynn.Christine@gmail.com,firefighter
147,Britni,Belanger,Britni.Belanger@yopmail.com,Britni.Belanger@gmail.com,firefighter
148,Chickie,Gilmour,Chickie.Gilmour@yopmail.com,Chickie.Gilmour@gmail.com,firefighter
149,Karina,Tatianas,Karina.Tatianas@yopmail.com,Karina.Tatianas@gmail.com,worker
150,Cyndie,Stephie,Cyndie.Stephie@yopmail.com,Cyndie.Stephie@gmail.com,firefighter
151,Henriette,Danby,Henriette.Danby@yopmail.com,Henriette.Danby@gmail.com,doctor
152,Jessamyn,Anastatius,Jessamyn.Anastatius@yopmail.com,Jessamyn.Anastatius@gmail.com,worker
153,Charissa,Eachern,Charissa.Eachern@yopmail.com,Charissa.Eachern@gmail.com,firefighter
154,Di,Garlinda,Di.Garlinda@yopmail.com,Di.Garlinda@gmail.com,developer
155,Gretal,Lesley,Gretal.Lesley@yopmail.com,Gretal.Lesley@gmail.com,worker
156,Annice,Dannye,Annice.Dannye@yopmail.com,Annice.Dannye@gmail.com,developer
157,Celisse,Hurley,Celisse.Hurley@yopmail.com,Celisse.Hurley@gmail.com,developer
158,Netty,Paine,Netty.Paine@yopmail.com,Netty.Paine@gmail.com,developer
159,Lynde,Fiann,Lynde.Fiann@yopmail.com,Lynde.Fiann@gmail.com,worker
160,Sibella,Halsey,Sibella.Halsey@yopmail.com,Sibella.Halsey@gmail.com,doctor
161,Jacquetta,Berard,Jacquetta.Berard@yopmail.com,Jacquetta.Berard@gmail.com,developer
162,Giustina,Rad,Giustina.Rad@yopmail.com,Giustina.Rad@gmail.com,firefighter
163,Lexine,Iaverne,Lexine.Iaverne@yopmail.com,Lexine.Iaverne@gmail.com,firefighter
164,Ernesta,Tomasina,Ernesta.Tomasina@yopmail.com,Ernesta.Tomasina@gmail.com,developer
165,Jsandye,Codding,Jsandye.Codding@yopmail.com,Jsandye.Codding@gmail.com,firefighter
166,Lorne,Sekofski,Lorne.Sekofski@yopmail.com,Lorne.Sekofski@gmail.com,worker
167,Zondra,Ophelia,Zondra.Ophelia@yopmail.com,Zondra.Ophelia@gmail.com,police officer
168,Rubie,Amethist,Rubie.Amethist@yopmail.com,Rubie.Amethist@gmail.com,doctor
169,Cecile,Kenwood,Cecile.Kenwood@yopmail.com,Cecile.Kenwood@gmail.com,police officer
170,Ardenia,Hessler,Ardenia.Hessler@yopmail.com,Ardenia.Hessler@gmail.com,developer
171,Dorene,Masao,Dorene.Masao@yopmail.com,Dorene.Masao@gmail.com,firefighter
172,Kimberley,Buckler,Kimberley.Buckler@yopmail.com,Kimberley.Buckler@gmail.com,worker
173,Ellette,Waldron,Ellette.Waldron@yopmail.com,Ellette.Waldron@gmail.com,doctor
174,Melodie,Dyche,Melodie.Dyche@yopmail.com,Melodie.Dyche@gmail.com,firefighter
175,Aubrie,Urias,Aubrie.Urias@yopmail.com,Aubrie.Urias@gmail.com,police officer
176,Katleen,Shields,Katleen.Shields@yopmail.com,Katleen.Shields@gmail.com,police officer
177,Kaia,Justinn,Kaia.Justinn@yopmail.com,Kaia.Justinn@gmail.com,firefighter
178,Chickie,Quent,Chickie.Quent@yopmail.com,Chickie.Quent@gmail.com,doctor
179,Winny,Smitt,Winny.Smitt@yopmail.com,Winny.Smitt@gmail.com,developer
180,Deane,Iphlgenia,Deane.Iphlgenia@yopmail.com,Deane.Iphlgenia@gmail.com,worker
181,Anestassia,Winthorpe,Anestassia.Winthorpe@yopmail.com,Anestassia.Winthorpe@gmail.com,developer
182,Micheline,Reidar,Micheline.Reidar@yopmail.com,Micheline.Reidar@gmail.com,worker
183,Zondra,Cornelia,Zondra.Cornelia@yopmail.com,Zondra.Cornelia@gmail.com,developer
184,Nyssa,Olnee,Nyssa.Olnee@yopmail.com,Nyssa.Olnee@gmail.com,doctor
185,Sybille,Hanshaw,Sybille.Hanshaw@yopmail.com,Sybille.Hanshaw@gmail.com,police officer
186,Marika,Gaspard,Marika.Gaspard@yopmail.com,Marika.Gaspard@gmail.com,worker
187,Felice,Sammons,Felice.Sammons@yopmail.com,Felice.Sammons@gmail.com,police officer
188,Kaja,Stacy,Kaja.Stacy@yopmail.com,Kaja.Stacy@gmail.com,firefighter
189,Talya,Erlandson,Talya.Erlandson@yopmail.com,Talya.Erlandson@gmail.com,doctor
190,Agathe,Brodench,Agathe.Brodench@yopmail.com,Agathe.Brodench@gmail.com,firefighter
191,Melina,Urania,Melina.Urania@yopmail.com,Melina.Urania@gmail.com,developer
192,Gwenneth,Remmer,Gwenneth.Remmer@yopmail.com,Gwenneth.Remmer@gmail.com,worker
193,Hollie,Damarra,Hollie.Damarra@yopmail.com,Hollie.Damarra@gmail.com,worker
194,Aaren,Shama,Aaren.Shama@yopmail.com,Aaren.Shama@gmail.com,doctor
195,Emylee,Christine,Emylee.Christine@yopmail.com,Emylee.Christine@gmail.com,firefighter
196,Kathi,Nester,Kathi.Nester@yopmail.com,Kathi.Nester@gmail.com,police officer
197,Fina,Dawkins,Fina.Dawkins@yopmail.com,Fina.Dawkins@gmail.com,doctor
198,Eadie,Dunkin,Eadie.Dunkin@yopmail.com,Eadie.Dunkin@gmail.com,firefighter
199,Damaris,Zina,Damaris.Zina@yopmail.com,Damaris.Zina@gmail.com,worker